{
  "sources": [
    {
      "type": "paletted_permutations",
      "textures": [
        "wetland_whimsy:trims/models/armor/dots",
        "wetland_whimsy:trims/models/armor/dots_leggings",
        "frostiful:trims/models/armor/frosty",
        "frostiful:trims/models/armor/frosty_leggings",
        "frostiful:trims/models/armor/glacial",
        "frostiful:trims/models/armor/glacial_leggings",
        "frostiful:trims/models/armor/snow_man",
        "frostiful:trims/models/armor/snow_man_leggings",
        "wilderness:trims/models/armor/roots",
        "wilderness:trims/models/armor/roots_leggings",
        "neapolitan:trims/models/armor/primal",
        "neapolitan:trims/models/armor/primal_leggings",
        "alexscaves:trims/models/armor/polarity",
        "alexscaves:trims/models/armor/polarity_leggings",
        "netherexp:trims/models/armor/rift",
        "netherexp:trims/models/armor/rift_leggings",
        "netherexp:trims/models/armor/spirit",
        "netherexp:trims/models/armor/spirit_leggings",
        "netherexp:trims/models/armor/valor",
        "netherexp:trims/models/armor/valor_leggings",
        "atmospheric:trims/models/armor/apostle",
        "atmospheric:trims/models/armor/apostle_leggings",
        "atmospheric:trims/models/armor/druid",
        "atmospheric:trims/models/armor/druid_leggings",
        "atmospheric:trims/models/armor/petrified",
        "atmospheric:trims/models/armor/petrified_leggings",
        "neapolitan:trims/models/armor/primal",
        "neapolitan:trims/models/armor/primal_leggings"
      ],
      "palette_key": "trims/color_palettes/trim_palette",
      "permutations": {
        "wrappist": "geode_plus:trims/color_palettes/wrappist",
        "celestite": "geode_plus:trims/color_palettes/celestite",
        "pink_topaz": "geode_plus:trims/color_palettes/pink_topaz",
        "silver": "galosphere:trims/color_palettes/silver",
        "allurite": "galosphere:trims/color_palettes/allurite",
        "lumiere": "galosphere:trims/color_palettes/lumiere",
        "glowworm_silk": "biomesoplenty:trims/color_palettes/glowworm_silk",
        "rose_quartz": "biomesoplenty:trims/color_palettes/rose_quartz",
        "zanite": "aether:trims/color_palettes/zanite",
        "gravitite": "aether:trims/color_palettes/gravitite",
        "golden_amber": "aether:trims/color_palettes/golden_amber",
        "skyjade": "deep_aether:trims/color_palettes/skyjade",
        "skyjade_darker": "deep_aether:trims/color_palettes/skyjade_darker",
        "stratus": "deep_aether:trims/color_palettes/stratus",
        "stratus_darker": "deep_aether:trims/color_palettes/stratus_darker",
        "cloggrum": "undergarden:trims/color_palettes/cloggrum",
        "froststeel": "undergarden:trims/color_palettes/froststeel",
        "utherium": "undergarden:trims/color_palettes/utherium",
        "regalium": "undergarden:trims/color_palettes/regalium",
        "forgotten": "undergarden:trims/color_palettes/forgotten",
        "tooth": "upgrade_aquatic:trims/color_palettes/tooth",
        "ignitium": "cataclysm:trims/color_palettes/ignitium",
        "witherite": "cataclysm:trims/color_palettes/witherite",
        "ancient_metal": "cataclysm:trims/color_palettes/ancient_metal",
        "cursium": "cataclysm:trims/color_palettes/cursium",
        "carminite": "twilightforest:trims/color_palettes/carminite",
        "fiery": "twilightforest:trims/color_palettes/fiery",
        "ironwood": "twilightforest:trims/color_palettes/ironwood",
        "knightmetal": "twilightforest:trims/color_palettes/knightmetal",
        "naga_scale": "twilightforest:trims/color_palettes/naga_scale",
        "steeleaf": "twilightforest:trims/color_palettes/steeleaf",
        "platinum": "illagerinvasion:trims/color_palettes/platinum",
        "aquite": "blue_skies:trims/color_palettes/aquite",
        "aquite_darker": "blue_skies:trims/color_palettes/aquite_darker",
        "charoite": "blue_skies:trims/color_palettes/charoite",
        "charoite_darker": "blue_skies:trims/color_palettes/charoite_darker",
        "diopside": "blue_skies:trims/color_palettes/diopside",
        "diopside_darker": "blue_skies:trims/color_palettes/diopside_darker",
        "falsite": "blue_skies:trims/color_palettes/falsite",
        "falsite_darker": "blue_skies:trims/color_palettes/falsite_darker",
        "horizonite": "blue_skies:trims/color_palettes/horizonite",
        "horizonite_darker": "blue_skies:trims/color_palettes/horizonite_darker",
        "moonstone": "blue_skies:trims/color_palettes/moonstone",
        "moonstone_darker": "blue_skies:trims/color_palettes/moonstone_darker",
        "sunstone": "blue_skies:trims/color_palettes/sunstone",
        "sunstone_darker": "blue_skies:trims/color_palettes/sunstone_darker",
        "pyrope": "blue_skies:trims/color_palettes/pyrope",
        "pyrope_darker": "blue_skies:trims/color_palettes/pyrope_darker",
        "ventium": "blue_skies:trims/color_palettes/ventium",
        "ventium_darker": "blue_skies:trims/color_palettes/ventium_darker"
      }
    }
  ]
}
