{
    "blue_skies.everbright.snowcap_mushroom.lore": "이 세계는 훨씬 더 춥기 때문에 열원의 발견이 어렵습니다. 그러나 몇 가지 실험 덕분에 몇몇 식물이 연료로 사용될 수 있다는 것을 발견했습니다. 그 중 가장 주목할 만한 것은 관설 버섯입니다. 이것은 열을 흡수하여 주변을 차갑게 만듭니다. 때때로 온도가 너무 낮아져 용암이 바로 굳어버리기도 합니다. 하지만 노처럼 이 열을 용광로에서 방출하여 석탄과 유사한 불꽃을 생성할 수 있습니다.",
    "blue_skies.everbright.snowcap_pinhead.title": "작은 관설 버섯",
    "blue_skies.everbright.snowcap_pinhead.lore": "관설 버섯의 작은 변종입니다. 이 버섯은 거대한 버섯 블록으로 압축될 수 있으며, 관설 버섯처럼 뛰어난 연료원으로 사용할 수 있습니다.",
    "blue_skies.everbright.snowcap_oven.title": "관설 난로",
    "blue_skies.everbright.snowcap_oven.lore": "이 발명 덕분에, 관설 버섯의 난방 및 냉각력을 활용할 수 있었습니다. 따뜻한 물체에서 열을 흡수하여 내부에 넣은 것을 조리할 수 있으며, 가끔 연료의 냉각 부산물을 남깁니다. 심지어 물과 같은 것을 연료원으로 사용할 수 있지만, 그렇게 좋은 것은 아닙니다.",
    "blue_skies.everbright.brumble.title": "빨개초",
    "blue_skies.everbright.brumble.lore": "에버브라이트에서 발견되는 몇 안 되는 해양 식물 중 하나입니다. 희미한 붉은색은 나머지 해양과 매우 잘 대조를 이루며, 에버브라이트의 푸른색과 보라색 사이에 섞인 것을 보는 것은 매우 흥미롭습니다. 이 식물은 아름다운 건축 자재로 만들어질 수 있을 것입니다.",
    "blue_skies.everbright.taratite.title": "타라타이트",
    "blue_skies.everbright.taratite.lore": "매끄럽고 거의 민트색을 띤 청록색 돌입니다. 연마하면 뛰어난 건축 자재가 될 것이라 확신합니다.",
    "blue_skies.everbright.rimestone.title": "서리돌",
    "blue_skies.everbright.rimestone.lore": "거친 얼음 같은 돌입니다. 연마하면 멋진 건축 자재가 될 것이라 확신합니다.",
    "blue_skies.everbright.ventium.title": "벤티움",
    "blue_skies.everbright.ventium.lore": "붉은 금속으로, 에버브라이트의 대부분의 비산악 지대에서 발견됩니다. 이 세계에서 주로 철에 상응하는 역할을 수행하는 것으로 보입니다. 벤티움은 양동이, 가위, 그리고 공구 상자와 같은 것을 만드는 데 사용할 수 있습니다.",
    "blue_skies.everbright.falsite.title": "규장석",
    "blue_skies.everbright.falsite.lore": "에버브라이트의 비산악 생물 군계 내부에서 발견할 수 있는 마법의 금속입니다. 이 금속은 에버브라이트와 에버던의 거의 모든 도구의 내구성을 확장하는 신비로운 특성을 가지고 있습니다.",
    "blue_skies.everbright.pearl.title": "진주",
    "blue_skies.everbright.pearl.lore": "은둔조개의 입에서 얻은 이 반짝이는 진주는 어느 정도 신비로운 속성을 가지고 있는 것 같습니다. 대부분의 적들이 제가 이 진주를 들고 있는 것을 좋아하지 않습니다. 저는 이 진주를 규장석과 결합하여 더 큰 것을 만들 수 있을지도 모릅니다.",
    "blue_skies.everbright.warding_pearl.title": "수호 수정",
    "blue_skies.everbright.warding_pearl.lore": "은둔조개의 진주와 규장석을 결합하여 이를 만들면, 적대적인 몹들이 넓은 반경 내에 나타나는 것을 방지할 수 있습니다. 이 세계에서는 달석 같은 빛나는 원천이 오버월드에서처럼 몹의 출현을 막지 않기 때문에 매우 유용합니다.",
    "blue_skies.everbright.soul_fragment.title": "영혼 파편",
    "blue_skies.everbright.soul_fragment.lore": "사악한 영혼의 파편입니다. 에버브라이트의 유령 적들이 많아 이들은 매우 흔한 물품입니다. 이를 진주와 규장석을 사용하여 수호 수정을 만드는 데 활용할 수 있습니다. 제가 여행에서 이것을 처음 발견했을 때, 분명 더 많은 용도가 있을 것입니다.",
    "blue_skies.everbright.azulfo_horn.title": "푸른물소 뿔",
    "blue_skies.everbright.azulfo_horn.lore": "거대한 푸른물소의 뿔입니다. 대부분의 뼈가 그렇듯이, 이를 골재로 만들어 사용할 수 있습니다. 이를 통해 나는 농사를 훨씬 빠르게 할 수 있습니다.",
    "blue_skies.everbright.summoning_table.title": "소환 탁자",
    "blue_skies.everbright.summoning_table.lore": "어둠 던전을 방문한 후, 나는 소환 탁자를 손에 넣을 수 있었습니다. 운 좋게도 이를 얻었기 때문에, 새로 발견한 소환서의 모드를 변경할 수 있습니다. 그것은 불안정한 구체를 발사하거나 인공 골렘을 소환하여 나와 함께 싸우게 하는 옵션이 있습니다. 나는 아마 이 서적에 대해 별도의 항목에 더 깊이 자세히 쓸 것입니다.",
    "blue_skies.everbright.soulbound_spear.title": "혼이 깃든 투창",
    "blue_skies.everbright.soulbound_spear.lore": "에버브라이트의 맹인 던전에 갔을 때, 혼이 깃든 투창을 발견했습니다. 이 창은 일반적인 창처럼 보였지만, 던진 후 항상 다시 돌아오는 것처럼 보였습니다. 이 세계의 대부분의 적을 상대할 때 도움이 될 것입니다.",
    "blue_skies.everbright.summoning_tome.title": "소환서",
    "blue_skies.everbright.summoning_tome.lore": "에버브라이트의 어둠 던전에서 여러 유용한 도구를 얻는 동안, 일반적이지 않은 소환서를 얻을 수 있었습니다. 이것을 사용하여 소환사의 주문을 시전할 수 있습니다. 서적을 얻었을 때, 그것은 즉시 불안정한 구체를 소환할 수 있는 능력을 가지고 있었습니다. 이를 통해 한 번에 여러 적에게 묘사할 수 있습니다. 서적을 소환 탁자에서 사용한 후 또 다른 능력을 발견한 것은 놀라운 일이었습니다! 인공 골렘을 소환하여 나와 함께 싸우게 하는 능력을 제공했습니다. 골렘은 일시적인 존재로, 약 1분 정도만 지속되므로 현명하게 사용할 필요가 있을 것입니다!",
    "blue_skies.everbright.nature_dungeon.title": "자연 던전",
    "blue_skies.everbright.nature_dungeon.lore": "내가 눈덮인 소나무 숲에서 거대한 녹색 피라미드 구조물을 발견하게 되었습니다. 안에 들어가 보면 여러 주민들이 반겼습니다. 그들은 별빛 덩굴로 결합된 석재로 완전히 구성된 골렘으로 보였습니다. 던전의 정상에 가까워질수록 나는 그 건축 품질이 점점 더 좋아지고 있다는 것을 깨닫기 시작했습니다! 하층은 매우 낡고, 날씨에 마모된 반면, 상층은 거의 완벽한 상태였습니다. 각 층은 던전 열쇠를 가지고 있는 것 같습니다. 어둠 던전과 마찬가지로, 터널의 끝에 키스톤이 있을 것은 틀림없습니다. 하지만 내가 들은 몇 가지 소문 때문에, 직접 보러 갈 것 같지는 않습니다. 나는 이 거대한 구조물을 §o자연 §o던전§r이라고 부르기로 결정했습니다.",
    "blue_skies.everbright.crushing_hammer.title": "으스러트리기 망치",
    "blue_skies.everbright.crushing_hammer.lore": "이 망치는 별빛 망치에서 직접 나온 것 같습니다! 이 강력한 망치는 지면을 강타할 수 있는 힘이 있으며, 전해진대로 별빛 망치도 그렇게 하는 것 같습니다. 내가 사용할 때 주위의 모든 것을 공격하여 각 적을 공중으로 날려 보냅니다! 이 물건은 상당한 묵직함을 가지고 있어, 상당한 근접 피해를 줍니다.",
    "blue_skies.everdawn.everdawn_portal.title": "에버던 포탈",
    "blue_skies.everdawn.everdawn_portal.lore": "뮤럴 스톤 벽돌로 만들어지고 열정라이터로 점화되는 에버던 차원으로의 입구입니다. 이 세계는 항상 뜨겁고 습하지만, 시간은 항상 일출입니다. 곤충들은 이곳에서 번성하며, 특히 비가 올 때 더 많은 곤충들이 집을 떠납니다. 곤충들은 무시무시할 정도로 큰 크기로 자라며, 일부는 제 몸무게의 절반 정도입니다! 비가 많이 내리는 것처럼 보이지 않으며, 보통 약간의 가랑비입니다. 이곳의 생물들은 대부분 파충류이며, 몇 가지 예외가 있습니다.",
    "blue_skies.everdawn.baneful_mushroom.title": "파멸버섯",
    "blue_skies.everdawn.baneful_mushroom.lore": "그늘진 숲을 탐험하면서 조심스럽게 발을 디뎌야 했습니다. 이 지역에서 겉보기에 무해한 보라색 버섯을 발견했습니다. 하지만 더 자세히 살펴보니 독성이 있었습니다. 파멸버섯은 방어 메커니즘으로 무언가와 접촉하면 독성 포자를 분사합니다. 이 버섯은 모든 비용을 써서 피하는 것이 좋습니다.",
    "blue_skies.everdawn.crystal_flower.title": "수정꽃",
    "blue_skies.everdawn.crystal_flower.lore": "이 꽃은 흥미로운 꽃입니다. 어떤 방식으로 수정과 잎을 혼합한 것입니다. 자세히 살펴보면, 골재 같은 것으로 비료를 주면 완전히 성장한 나무로 자랄 수 있습니다!",
    "blue_skies.everdawn.spider_webbing.title": "거미줄 망",
    "blue_skies.everdawn.spider_webbing.lore": "일반적인 거미줄과 달리 구석 부분에 부착할 수 있는 흥미로운 거미줄 입니다. 매듭생러기 때문에 서로가 붙거나 담장에만 연결될 수 있습니다.",
    "blue_skies.everdawn.crescent_fruit.title": "초승달 열매",
    "blue_skies.everdawn.crescent_fruit.lore": "열대 기후 덕분에 에버던은 상당히 열대적인 식량 원천을 키울 수 있으며, 주요한 것 중 하나인 초승달 열매입니다. 이 열매는 거의 모든 초승달 열매 잎의 바닥에 열리고, 잎이 꽃을 피우는 이상 지속적으로 수확할 수 있는 것 같습니다.",
    "blue_skies.everdawn.sunstone_crystal.title": "태양석 수정",
    "blue_skies.everdawn.sunstone_crystal.lore": "이 수정은 만지면 뜨겁고, 밝은 오렌지색을 띄고 있습니다. 어느 용광로에서도 연료로 사용할 수 있으며, 지평금 용광로를 충전하는 방법으로 사용할 수 있습니다. 해질녘 단풍숲과 염려스러운 풋밭에서 깊이 발견될 수 있습니다.",
    "blue_skies.everdawn.horizonite_forge.title": "지평금 용광로",
    "blue_skies.everdawn.horizonite_forge.lore": "해냈습니다! 지평금의 힘을 활용했습니다! 이를 통해 연료 없이도 것을 녹일 수 있습니다. 이에는 재충전 시간이 필요합니다. 지평금으로 구성된 모든 것을 사용하여 즉시 충전할 수 있습니다. 태양석을 사용하여 더 빠르게 충전할 수도 있습니다. 용광로는 내부에 쿠킹하는 것이 없을 때만 충전됩니다. 여기에서 여러 개를 사용하는 것이 매우 유익할 것입니다.",
    "blue_skies.everdawn.cinderstone.title": "잉걸돌",
    "blue_skies.everdawn.cinderstone.lore": "이 용암 같은 돌은 상당한 건축 자재로 사용할 수 있습니다. 또한 연마하여 멋진 무언가로 만들 수 있을 것이라고 확신합니다.",
    "blue_skies.everdawn.umber.title": "엄버",
    "blue_skies.everdawn.umber.lore": "매끄러운 갈색 돌입니다. 아마도 더 매끄러운 건축 자재로 연마할 수 있을 것입니다.",
    "blue_skies.everdawn.crystallized_tree.title": "수정 나무",
    "blue_skies.everdawn.crystallized_tree.lore": "이 나무는 매우 이상한 속성을 가지고 있습니다. 막대기로 만들 수도 없고, 불에 타지 않습니다. 나무가 수정으로 완전히 만들어진 것 같으며, 심지어 투명합니다. 특성으로 인해 통나무를 벽으로 만들 수 있을 거라 확신합니다. 그것은 훌륭한 울타리 대체품이 될 것입니다. 나무가 순수한 잎이 아니기 때문에 묘목은 없습니다. 수정꽃을 사용하여 골재로 비료를 주면 이러한 나무 중 하나로 자랄 수 있음을 알게 되었습니다. 원산지 모래에 심으면 됩니다.",
    "blue_skies.everdawn.horizonite.title": "지평금",
    "blue_skies.everdawn.horizonite.lore": "크리스털 듄에서 발견되는 이 금속은 극도로 뜨겁습니다. 녹지 않는 것이 믿기지 않습니다! 이렇게 많은 열을 저장할 수 있는지 모르겠습니다. 이 금속으로 만들어진 도구는 돌에서 바로 광석을 녹일 수 있음을 발견했습니다! 이 재료로 용광로를 만들 수 있었는데, 그것을 지평금 용광로라고 부르기로 했습니다.",
    "blue_skies.everdawn.moonstone_shield.title": "월장석 방패",
    "blue_skies.everdawn.moonstone_shield.lore": "이 방패는 보통 나무 방패보다 훨씬 내구성이 뛰어납니다. 투명한 비트러스 월장석처럼 투명한 외형을 가지고 있어 방패를 통해 물체를 볼 수 있게 해줍니다.",
    "blue_skies.everdawn.fox_pelt.title": "여우 가죽",
    "blue_skies.everdawn.fox_pelt.lore": "코스믹 여우에서 얻은 이 털가죽은 낙타 안장과 포상가방을 만드는 데 사용할 수 있습니다.",
    "blue_skies.everdawn.spike_shield.title": "가시 돋은 방패",
    "blue_skies.everdawn.spike_shield.lore": "에버던의 어둠 던전을 방문한 후, 가시 돋은 방패를 얻을 수 있었습니다. 이 방패는 나무 방패와 월장석 방패보다 훨씬 내구성이 뛰어납니다. 이 방패는 추가 근접 피해를 줘, 약한 무기로 사용할 수 있습니다.",
    "blue_skies.everdawn.alchemy_table.title": "연금술 탁자",
    "blue_skies.everdawn.alchemy_table.lore": "에버던의 어둠 던전을 방문하는 동안 연금술사의 연금술 탁자을 손에 넣을 수 있었습니다. 요즘 이들은 꽤 드물지만, 이를 얻을 수 있어 기쁩니다. 이를 사용하여 대부분의 에버던 원자재를 에버브라이트 것으로 변환할 수 있으며, 그 반대도 가능합니다. 건설할 때 특히 유용할 것입니다. 내가 원한다면, 루나 스톤을 터쿼이즈 스톤으로 변환할 수 있습니다. 이 재료를 많이 가지고 있다면. 또한, 석재를 아크와 결합하여 던전석을 얻을 수 있습니다. 다른 아크도 마찬가지로 동작할 것으로 확신하지만, 내가 가지고 있지 않아 모르겠습니다...",
    "blue_skies.everdawn.alchemy_scroll.title": "연금술 두루마리",
    "blue_skies.everdawn.alchemy_scroll.lore": "에버던의 어둠 던전을 탐험한 후, 놀랍게도 가장 희귀한 보물 중 하나인 연금술 두루마리를 손에 넣을 수 있었습니다. 이를 사용하여 연금술사의 부패 가시 주문을 모방할 수 있습니다. 이를 통해 내가 가리키는 곳 위로 일렬로 부패 가시를 소환합니다. 두 번째 공격 변형을 사용하면, 내가 웅크리면서 주변에 솟아오르는 가시를 만들어 주위의 적을 강타합니다.",
    "blue_skies.everdawn.poison_dungeon.title": "맹독 던전",
    "blue_skies.everdawn.poison_dungeon.lore": "해질녘 메이플숲을 탐험중에, 저는 이상한 모습의 나무를 발견하게 되었습니다. 그것은 거미줄로 덮여 있었으며, 그 안에는 거대한 거미 둥지가 있었습니다! 이곳은 많은 맹독 거미가 서식하는 곳입니다. 또한 오버월드의 동굴 거미가 이 둥지에 들어와 있는 것을 보게 되어 놀랐습니다. 각 층에는 던전 열쇠가 있으며, 터널 끝에 있는 키스톤과 사용되는 것을 유추할 수 있습니다. 이 장소에서 끊임없이 엄청난 쉭쉭 소리를 들으며, 끝에는 무엇이 있을지 상상할 수 없습니다... 저는 이 장소를 §o맹독 던전§r이라고 부르기로 결정했습니다.",
    "blue_skies.everdawn.venom_sac.title": "맹독 주머니",
    "blue_skies.everdawn.venom_sac.lore": "맹독 던전을 탐험하는 동안, 맹독 주머니를 획득할 수 있었습니다. 이를 사용하여 아라크나크가 한다고 소문난 것처럼 독을 분사할 수 있습니다. 투사체가 입히는 피해는 미미하지만, 그 또한 질병과 같은 치명적인 독을 대상으로 퍼뜨립니다.",
    "blue_skies.everdawn.different_sword.title": "다른 검",
    "blue_skies.everdawn.different_sword.lore": "빠른 전투를 위한 재미있는 검입니다. 이 무기는 목표를 가능한 한 빨리 죽이도록 설계된 것 같습니다. 목표를 타격한 후 너무 오래 기다리면, 내가 가한 피해보다 더 많이 회복할 것입니다. 이를 알고, 더 크고 견고한 목표물에 사용하는 것을 피하는 것이 좋을 것입니다.",
    "blue_skies.general.blinding_dungeon.title": "맹인 던전",
    "blue_skies.general.blinding_dungeon.lore": "여행 중에 거대한 탑 구조물을 발견할 수 있었습니다. 나는 그것을 §o맹인 §o던전§r이라고 명명하기로 결정했습니다. 이 던전에는 두 가지 변종이 있는 것 같습니다. 하나는 에버브라이트에, 다른 하나는 에버던에 존재합니다. 둘 다 윤회자들을 품고 있습니다. 에버브라이트에는 소환사가 있고, 에버던에는 연금술사가 있습니다. 두 곳 모두 각 던전의 최상층에 있는 키스톤에 4개의 맹인 던전 열쇠를 가지고 방문할 수 있습니다. 나는 둘 중 하나와 너무 싸우려 하지는 않을 것입니다.",
    "blue_skies.general.moonstone.title": "월장석",
    "blue_skies.general.moonstone.lore": "두 세계의 지하에서 발견된, 빛의 원천이라 할 수 있는 월장석입니다. 물 속에서도 기능하며, 빛을 내는 큰 블록으로 만들 수 있습니다. 또한, 이 세계의 동굴에서 발견되는 수정 변형이 있습니다. 태양석 수정처럼 특별한 무언가를 하지는 않는다고 생각하지만, 굉장히 아름답습니다.",
    "blue_skies.general.pyrope.title": "홍석류석",
    "blue_skies.general.pyrope.lore": "두 세계 지하 어디에서나 발견될 수 있는 이 보석은 매우 가벼운 도구를 만들 수 있는 소재입니다. 이를 통해 빠르게 사용할 수 있습니다. 이 도구들은 내구성이 뛰어나지 않으므로, 주의하여 사용해야 합니다. 이 소재의 부드러움 때문에, 투휘석과 차로아이트 같은 최고의 장비 재료를 수확할 수 없습니다.",
    "blue_skies.general.aquite.title": "천섬석",
    "blue_skies.general.aquite.lore": "이 청록색 광물은 도구와 갑옷에 있어서 오버월드의 철과 유사해 보입니다. 몇 가지 실험을 한 결과, 매우 마법이 잘 걸리는 것처럼 보였습니다.",
    "blue_skies.general.diopside.title": "투휘석",
    "blue_skies.general.diopside.lore": "라임색의 녹색으로, 매우 깊은 지하에서 발견할 수 있습니다. 이 소재로 만들어진 갑옷과 도구는 §극도로§r 내구성이 뛰어나며 강력합니다. 도구들은 매우 무거우며, 내가 때린 모든 것에 극도의 피해를 줍니다. 주목해야 할 것 중 하나는, 이러한 도구의 무게로 인해 대부분의 도구보다 훨씬 더 휘두르기 어렵다는 것입니다. 따라서 빠른 목표를 다룰 때 주의해야 할 것입니다. 이 장비 세트는 차로아이트와 경쟁합니다. 도구는 느리지만 내구성이 더 좋고 강한 대안이며, 갑옷은 차로아이트보다 무거운 타격을 더 잘 처리합니다. 이 소재로 만들어진 도구는 지금까지 발견한 모든 것을 수확할 수 있습니다.",
    "blue_skies.general.charoite.title": "차로아이트",
    "blue_skies.general.charoite.lore": "가장 일반적인 것과 비슷한 안정적인 갑옷과 도구로, 이 소재로 된 도구는 경쟁합니다. 도구는 투휘석보다 빠르지만 약한 대안이며, 갑옷은 향상된 힘을 제공합니다. 이 소재로 만들어진 도구는 지금까지 발견한 모든 것을 수확할 수 있습니다.",
    "blue_skies.general.star_emitter.title": "별빛 방사구",
    "blue_skies.general.star_emitter.lore": "주로 마을 주민이 점성가로 일하며 함께 사용됩니다. 이 흥미로운 장치는 별자리판을 활용할 수 있게 해줍니다. 별자리판을 이 물체에 사용하면 사용자가 그 위치로 순간이동할 수 있습니다. 별자리판에 대한 더 자세한 설명은 별도의 항목에서 작성할 예정입니다.",
    "blue_skies.general.trough.title": "여물통",
    "blue_skies.general.trough.lore": "간단한 나무 여물통입니다. 아기 동물이 근처에 있다면, 이 블록에서 먹을 가능성이 있습니다. 동물이 블록에서 먹게 된다면, 그 성장 속도를 높이는 도움을 줍니다. 대부분의 동물 번식 아이템으로 채울 수 있으며, 예를 들면 당근, 감자, 스케일프루트, 파인 프루트 등이 포함됩니다. 만약 주민이 여기서 작업을 선택하면, 그들은 양목업자가 될 것입니다.",
    "blue_skies.general.tool_box.title": "공구 상자",
    "blue_skies.general.tool_box.lore": "이 매우 유용한 작업대는 도구를 향상 및 업그레이드하는 데 사용할 수 있습니다. 이것은 규장석의 주요 용도로 보이며, 거의 모든 도구의 내구성을 증가시킬 수 있습니다. 다른 발견으로, 이 세계의 막대기는 거의 모든 도구에 교체할 수 있으며, 거의 모든 막대가 다른 용도를 갖고 있습니다. 각 도구 세트에 사용하기 좋은 막대기를 찾아봐야 할 것 같습니다.",
    "blue_skies.general.bag_of_spoils.title": "전리품 가방",
    "blue_skies.general.bag_of_spoils.lore": "거의 무게없는 이 작은 가방은 거의 어떤 것이든 담을 수 있으며, 최대 5가지 다른 아이템을 담을 수 있습니다. 내가 기대지 않고 그들이 보지 않을 때 사용하여 마을 주민의 주머니를 털 수 있었습니다. 그들이 내가 그렇게 하는 것을 보았을 때 예상대로 매우 불쾌해했으며, 마을의 철골렘까지도 나를 공격했습니다. 유일하게 나는 보초를 주어 훈련하여 이 가방을 나에게 준 사람이었습니다. 말할 필요도 없이 그 마을은 다시 방문하지 않을 것입니다...",
    "blue_skies.general.food_prep_table.title": "요리 준비 테이블",
    "blue_skies.general.food_prep_table.lore": "음식을 준비하기 위한 테이블입니다. 최대로 5개의 재료를 수용할 수 있으며, 최소 3개가 제대로 된 요리를 만드는 데 필요합니다. 많은 독특한 재료를 사용하여 일반적인 식사보다 더 나은 식사를 만들 수 있습니다. 재료가 클수록 식사의 제공량이 많아집니다. 이를 알고, 고기를 사용하는 것이 음식의 지속 시간을 더 오래 증가시키는 데 가장 유리합니다.\n\n꽃을 일종의 조미료로 사용하여 내재된 물약 효과를 끌어낼 수 있는 것 같습니다. 오버월드에서는 이 방법을 사용하여 스튜를 만드는 사람들의 이야기를 들었습니다. 그러나 내 방법이 더 우수하다고 확신합니다.\n\n보다 지속적인 또는 더 강력한 효과를 위해, 물약이 소스처럼 사용될 수 있습니다. 하지만 불안정함을 유발하지 않고 하나만 사용할 수 있는 것 같습니다...\n\n실험을 통해 브류베리를 사용하면 모든 효과의 풍미를 향상시킬 수 있으며, 그 지속 시간을 늘일 수 있다는 것을 발견했습니다. 효과 제공 재료를 기반으로 한 요리를 만드는 것이 가능합니다. 이렇게 하면 요리가 매우 포만활성화되지는 않지만, 때에 따라 필요한 정확한 것일 수 있습니다. 단지 음식의 포만성을 향상시키는 꽃을 찾을 수 있다면 불평하지 않을 것입니다.",
    "blue_skies.general.astrolabe.title": "별자리판",
    "blue_skies.general.astrolabe.lore": "마을의 현지 별자리판와 거래하여 이 유용한 아이템을 발견할 수 있었습니다. 별자리판을 별빛 방사구와 결합하여 세계를 통해 적절한 거리를 텔레포트하여 돌아갈 수 있습니다. 하지만 별보의 힘은 텔레포트한 거리와 관련된 시간 동안 재충전이 필요하여 상시 사용할 수는 없습니다.",
    "blue_skies.general.spears.title": "창",
    "blue_skies.general.spears.lore": "대상을 멀리서 공격하도록 설계된 매우 유용한 도구들입니다. 이것들은 오버월드의 삼지창과 활의 혼합으로, 싸게 만들고 수중에서도 사용할 수 있습니다. 창은 충성도와 관통과 같은 것들로 인챈트 할 수 있는 것 같습니다.",
    "blue_skies.general.stick_variations.title": "막대 변종",
    "blue_skies.general.stick_variations.lore": "오늘 주목할만한 발견을 했습니다. 나무 종류가 가끔 그들의 나이 또는 그들의 생활 조건에 따라 다양한 속성을 가진다는 것을 발견했습니다.\n\n먼저, 질감이나 강도가 이 세계의 나무에서 만들어진 막대기는 도구에 참여하여 그들의 속성을 변경할 수 있습니다. 당일 더 기본적인 변종부터 시작하겠습니다, 블루브라이트와 루나. 이들은 오버월드의 일반적인 막대 유형과 가장 유사합니다. 이는 평균 무게와 강도의 도구에서 일반적인 특성을 발휘할 것입니다. 믿을만한 것을 원한다면, 이 막대기들이 신뢰할 수 있는 선택이 될 것입니다.\n\n이제 더 흥미로운 것들 중 하나인 프로스트브라이트와 메이플입니다. 이 나무 변종은 매우 조밀하고 무겁습니다. 이 나무 변종 중 하나로 만들어진 막대기 도구는 튼튼하지만 목표에 대한 스윙이 더 어려워질 것입니다. 따라서 이들 막대기는 무기보다는 도구에 사용하기 좋습니다. 이는 창에도 영향을 미쳐 던지기 더 어렵지만 내구성을 향상시킵니다.\n\n마지막으로, 스탈릿과 더스크를 가져왔습니다. 이 나무 변종은 세계에서 가장 오래된 것들 중 일부입니다. 매우 가볍고 부서지기 쉬운 것으로 보입니다. 이들로 만들어진 도구가 오래 지속되지는 않을 것 같습니다. 무기 제작에는 상당한 가치가 있는 것으로 보이며, 스윙이 더 쉽고 창의 경우 던지기가 상당히 쉬워집니다.\n\n모든 막대기 변종에서 가장 희귀한 체리는 프로스트브라이트와 메이플의 거의 완전한 향상된 제황 인 것처럼 보입니다. 향상된 강도는 다른 것들보다 더 많은 무게를 추가하지 않으며, 약간 더 내구성이 좋습니다.",
    "blue_skies.general.arcs.title": "아크",
    "blue_skies.general.arcs.lore": "이 세계의 사람들 사이의 전설적인 유물로 전해지는 아크라는 물건이 있습니다. 이 유물은 이 세계의 각 던전 구조물의 수호자들에 의해만 보유되어 있는 것으로 소문이 났습니다. 각 아크는 권력을 보유하는 사람에게 특별한 능력을 부여하는 것으로 전해집니다.",
    "blue_skies.general.enchanting.title": "인챈팅",
    "blue_skies.general.enchanting.lore": "에버브라이트와 에버던 내에서도 인챈팅할 수 있습니다. 이 세계에서 인챈트하려면 차로아이트를 수집해야 하며, 이는 다이아몬드의 동일한 목적을 수행합니다. 에버던의 흑요석과 에버브라이트의 규장석도 필요합니다.\n\n규장석이 촉매로 인챈트 테이블에서 사용되기에 청금석과 유사한 특성을 가지고 있음이 밝혀졌습니다. 하지만 전체 주괴는 이 과정에서 너무 많은  양이 필요합니다. 주괴를 너겟으로 변환하여 청금석처럼 사용하는 것이 가능했습니다.",
    "blue_skies.everbright.azulfo.title": "푸른물소",
    "blue_skies.everbright.azulfo.lore": "에버브라이트의 가장 큰 동물입니다. 여정 중에 충분히 볼 수 있었습니다. 그들은 대규모 무리 중에 발견될 수 있으며, 보통 무리의 우두머리를 따릅니다. 이들을 사냥하는 것은 만만치 않습니다. 이들은 오버월드의 동물들과 달리 싸움없이 굴복하지 않을 것입니다. 사실, 이렇게 하면 무리가 매우 민감해집니다. 창은 이들을 안전하게 사냥할 수 있는 가장 유용한 도구라고 찾았습니다.",
    "blue_skies.everbright.stardust_ram.title": "성운양",
    "blue_skies.everbright.stardust_ram.lore": "에버브라이트의 가장 흔한 동물입니다. 이 털이 많은 생물들은 오버월드의 양과 매우 유사합니다. 가위로 이들을 깎고, 살코기를 위해 사냥할 수 있습니다. 이 생물들은 이 세계의 토착 파인 프룻을 사용하여 번식할 수 있습니다.",
    "blue_skies.everbright.reindeer.title": "순록",
    "blue_skies.everbright.reindeer.lore": "에버브라이트에서 내가 발견한 가장 유용한 동물 중 하나인 순록입니다. 파인 프룻을 사용하여 길들일 수 있으며, 안장을 장착할 수 있습니다. 비교적 빠른 속도로 탈 수 있으며, 약 2블록 높이까지 점프할 수 있습니다. 나는 이러한 생물들을 밝은 지역과 눈 덮인 소나무 숲 같은 열린 눈덮인 지역에서만 찾을 수 있었습니다. 순록은 사슴고기로 사냥할 수도 있지만, 더 엄격한 생활 조건 때문에 일반적으로 그렇게 하기를 피합니다.",
    "blue_skies.everbright.snow_owl.title": "눈부엉이",
    "blue_skies.everbright.snow_owl.lore": "서리 얼어붙은 숲에서만 발견되는 아름답게 소리나는 생물들입니다. 생물 군집의 나무 꼭대기에 주로 거주합니다. 상당한 거리에서 들리며, 서리 얼어붙은 숲의 신비로운 느낌을 더합니다.",
    "blue_skies.everbright.grittle_flatfish.title": "모래넙치",
    "blue_skies.everbright.grittle_flatfish.lore": "대양에서 가장 독특한 물고기 생물 중 하나로, 모래넙치는 매우 겁이 많습니다. 쉽게 겁을 먹고 가까이 오는 사람을 공격한 후 도망가는 경향이 있습니다.  크게 상처를 주지는 않지만, 이것을 무서워할 만큼 다룰 줄 알면 눈에 띄는 일입니다. 이 물고기는 상당한 진미로 다른 어떤 물고기보다도 더 포만감을 줄 수 있습니다.",
    "blue_skies.everbright.armored_frost_spirit.title": "갑옷 서리혼",
    "blue_skies.everbright.armored_frost_spirit.lore": "여정 중에 발견할 수 있었던 가장 흔한 적 중 하나인 서릿날 정령입니다. 이 생물들은 그다지 공격적이지 않은 것으로 보이지만, 얼음 아래에 숨겨진 작은 영혼은 파리를 해칠 수조차 없는 친절한 존재입니다. 해방된 적은 대개 쉽게 돌파하는 것 같습니다. 그들이 죽으면 영혼 파편을 얻을 기회가 있을 수도 있습니다.",
    "blue_skies.everbright.crynocerous.title": "서리뿔소",
    "blue_skies.everbright.crynocerous.lore": "매우 강력하고 크며, 갑옷 서리혼의 보다 강력한 버전인 서리뿔소는 더 넓은 범위 및 강도를 가지고 있습니다. 이 거대한 생물은 눈 덮인 기후, 특히 밝은 지역에서만 찾을 수 있습니다. 서리 정령과 마찬가지로, 이 생물도 곡괭이로 공격할 때 일반적인 검보다 더 많은 피해를 받습니다.",
    "blue_skies.everbright.polargeist.title": "유령곰",
    "blue_skies.everbright.polargeist.lore": "여정에서 이제껏 마주친 아주 신속한 유령 곰입니다. 이 생물은 내가 대부분의 경우를 뛰어넘으며, 상당히 빠르게 이동합니다. 얼음으로 만들어진 이빨과 얼음 덩어리를 가지고 있으며, 공격할 때 두 발로 일어선 후 목표 지점에 내려칩니다. 적을 빠르게 물리치면 공격하지 않으며, 일어서기까지 시간이 걸립니다.",
    "blue_skies.everbright.whistleshell_crab.title": "휫바람대게",
    "blue_skies.everbright.whistleshell_crab.lore": "육지와 물에서 모두 걸을 수 있는 이 커다란 게 생물은 손잡이가 마치 이빨을 가진 입처럼 보입니다. 육지에서는 매우 빠르며 도망갈 시간이 거의 없이 공격합니다. 수중에서의 이동 속도는 느리지만 물 밖에서는 물을 빠르게 질주할 수 있습니다. 물에서 이 생물을 처리하는 가장 안전한 방법은 위에 머무르는 것입니다. 헤엄칠 수 없기 때문입니다.",
    "blue_skies.everbright.shrumpty.title": "버섯이",
    "blue_skies.everbright.shrumpty.lore": "슬러시랜드를 탐험할 때마다 버섯이에게 놀랄 때가 많았습니다. 이 교활한 생물들은 관설 버섯과 위장하고 있으며, 포식자가 가까이 오면 공격합니다. 그들의 접촉은 매우 차갑고, 타겟을 얼어서 느리게 만듭니다. 그들이 공격을 성공했을 때 이상한 웃음을 지으며 매우 이상합니다…",
    "blue_skies.everbright.diophyde_prowler.title": "서리호랑이",
    "blue_skies.everbright.diophyde_prowler.lore": "에버브라이트에서 직면한 많은 적 중, 서리호랑이와 유사한 적은 하나도 없습니다. 이 적은 먹잇감을 둘러싸고 있다가, 적절한 시기에 잡아챕니다. 그들의 공격을 피하는 가장 쉬운 방법은 그들이 움직이는 반대 방향으로 회피하는 것입니다. 너무 빨라 도망치기에는 소용이 없고 그냥 싸우는 것이 더 가치가 있음을 알았습니다. 또한 에버던의 방패를 사용하면 움직임을 멈추어 공격할 수 있도록 노출될 수 있습니다.",
    "blue_skies.everbright.seclam.title": "은둔조개",
    "blue_skies.everbright.seclam.lore": "때때로 에버브라이트의 깊은 바다를 여행할 때, 은둔조개를 만날 수 있습니다. 이 차분한 생물은 전혀 움직이지 않으며, 대신 그들의 아름다운 진주를 자랑합니다. 포식자가 접근할 경우, 조개는 입을 닫아 반짝이는 진주를 훔치지 못하도록 합니다. 몇 번 때리면 다시 열리고, 안전하게 입에서 진주를 가져올 수 있었습니다. 하지만 너무 느리면 닫혀 큰 부상을 입을 수 있어 주의해야 합니다.",
    "blue_skies.everbright.stonelet.title": "돌아이",
    "blue_skies.everbright.stonelet.lore": "자연 던전을 방문하는 동안, 이 이상한 모습을 지닌 적들을 많이 만났습니다. 이들은 던전의 수호자로서 침입하는 모든 사람을 공격합니다. 서릿날 정령과 마찬가지로 이 생물들은 곡괭이에 더 많은 피해를 받는다는 것을 알았습니다. 이를 바탕으로 던전을 쉽게 탐험할 수 있었습니다.",
    "blue_skies.everbright.spewter.title": "분무초",
    "blue_skies.everbright.spewter.lore": "자연 던전을 탐험하던 중, 이 흥미로운 식물 생물이 상층의 정원에서 자라는 것을 발견했습니다. 내가 가까이 갈 때마다 씨앗 폭탄을 뱉어 멀리 떨어져 있어야 했습니다.",
    "blue_skies.everbright.summoner.title": "소환사",
    "blue_skies.everbright.summoner_pre.lore": "에버브라이트의 맹인 던전 꼭대기에서 나는 깃발이 달린 보라색 코트를 입은 사람과 싸웠습니다. 그는 마법의 힘을 사용해 던전의 돌로 이루어진 골렘들을 소환했습니다. 이 마법사에게 접근할 때마다 대부분 그는 방의 다른 부분으로 스스로 순간이동하였습니다. 그러나 그가 주문을 시전 중이라면, 안전하게 접근해 공격히칠 수 있습니다. 또한 그가 소환한 골렘의 수를 1보다 높게 유지하지만 소환량보다 낮게 길들이면, 그가 더 많은 것을 불러오기 시작한다는 것을 알았습니다. 이를 계기로 공격을 시작했습니다. 불행히도, 이 상대에 의해 내 방문이 일찍 끝났으므로, 도망가야 했습니다.",
    "blue_skies.everbright.summoner_post.lore": "내 경험과 현지인의 이야기를 결합하여, 현지인이 일컫는 소환사에 대한 더 자세한 설명을 쓸 수 있게 되었습니다. 이 마법사는 에버브라이트의 맹인 던전 꼭대기에 거주합니다. 연금술사와는 달리, 소환사는 그가 싸우게 할 소환물을 사용합니다. 먼저 발사체를 던지는 원거리 골렘을 소환한 후 포악자에게 도전합니다. 이어서 여러 근접 전투 지향의 골렘들이 공격합니다. 이 골렘들은 '인공 골렘'으로 알려져 있습니다. 이 마법사는 인공 골렘을 여러 개 유지하는 것을 선호합니다. 또한 주문 시전을 하지 않을 시, 소환사는 접근하면 안전지대로 순간이동합니다. 이 사실을 알고, 일부 골렘을 물리치면 소환사가 더 많은 것을 소환하는 동안 공격에 노출됩니다. 더 일반적인 공격으로 소환사는 '변동 구체'로 알려진 마법 구를 사용해 접근하는 모든 것을 공격합니다. 그러나 기억해야 할 점은, 이 구체를 시전하는 도중에 너무 빠르게 접근하면, 강력한 이상한 번개를 일으켜 떠 있는 푸른 불을 포함시킨다는 것입니다. 모든 정보를 학습하고 조각을 맞춘 결과, 전에도 이 사람을 만난 적이 있는 것 같은 생각이 들지 않을 수 없습니다.",
    "blue_skies.everbright.starlit_crusher.title": "별빛 으스러트리",
    "blue_skies.everbright.starlit_crusher_pre.lore": "전설적인 자연 던전 수호자에 대한 소문만 들었습니다. 그들이 거대한 나무의 벽으로 자신을 보호하고, 전투에서 도움을 줄 식물과 같은 적을 소환한다고 합니다. 사람들이 그를 취약하게 만드는 유일한 방법은 그의 벽 중 하나를 베어낸 후 창과 같은 날카로운 무기를 던지는 것이라고 들었습니다. 나였다면, 벽을 베어내기 위해 도끼도 함께 챙길 것입니다.",
    "blue_skies.everbright.starlit_crusher_post.lore": "드디어 별빛 으스러트리에 대해 충분히 배웠습니다! 전투에서 자신을 보호하기 위해 4 개의 벽을 사용하는 방법을 알았습니다. 벽이 올라가는 동안, 으스러트리는 전투를 돕기 위해 뿌리, 분무초, 눈부엉이 등을 성장시킵니다. 그가 충분한 피해를 입으면, 해당 뿌리가 더 커집니다. 벽 중 하나가 파괴되면, 그라운드를 부술 만큼 화내며, 그 자체를 창과 같은 발사체에 취약하게 내어주게 됩니다. 기절 상태가 되면 모든 무기로 공격할 수 있지만, 도끼가 그를 베어내는 데 가장 이상적인 도구라고 말합니다.",
    "blue_skies.everdawn.cosmic_fox.title": "코스믹 여우",
    "blue_skies.everdawn.cosmic_fox.lore": "에버던에서 발견한 가장 작은 동물 중 하나가 코스믹 여우입니다. 이 작은 동물을 개방된 지역, 예를 들어 타오르는 초원과 비정통 밸리에서 발견할 수 있었습니다. 초승달 열매를 사용해 길들일 수 있었고, 가는 곳마다 나를 따라왔습니다. 명령도 듣습니다!",
    "blue_skies.everdawn.crystal_camel.title": "수정 낙타",
    "blue_skies.everdawn.crystal_camel.lore": "아름다운 수정 낙타. 모래 생물 군계에서만 볼 수 있는 이 놀라운 생물은 사막을 걸으며, 그 지역의 열기를 즐깁니다. 스켈프루트를 먹는 것을 좋아해서, 제 것으로 길들일 수 있었습니다. 낙타 안장을 만들어 타고 다닐 수 있었습니다. 등의 상자를 장착할 수 있어 많은 아이템을 쉽게 운반할 수 있다는 것을 알게 되었습니다. 그러나 낙타는 정확히 빠르지 않아서 느린 속도로만 이동할 수 있었습니다.",
    "blue_skies.everdawn.shade_monitor.title": "그림자 왕도마뱀",
    "blue_skies.everdawn.shade_monitor.lore": "에버던의 생물들 중 가장 흔한 이 동물은 이 세계에서 가장 주된 사냥 대상으로 보입니다. 그들은 있는 지역에 적응하며, 생물 군계에 따라 다르게 위장한 모습을 가지고 있습니다. 이 동물을 사냥하려고 하면, 싸우지 않고 물러서지 않을 것입니다. 그들의 속도는 에버던의 다른 동물들 중 누구보다도 빠릅니다. 에버브라이트의 푸른물소만큼 강력하진 않지만, 준비가 안 된 상태에서 다리를 잡으면 꽤 아플 것입니다.",
    "blue_skies.everdawn.crogre.title": "개구럭지",
    "blue_skies.everdawn.crogre.lore": "개인적으로 가장 좋아하는 개구럭지. 달빛 저수지에 거의 독점적으로 서식하는 거대한 개구리입니다. 뛰어난 도약력으로 약 4~5블록 높이까지 점프합니다. 에버던의 거대한 곤충은 이 친구를 별로 좋아하지 않는 것 같고, 가까이 다가오기만 하면 도망가는 경향이 있습니다. 벌레 내장을 섭취하는 것을 좋아해서 제 것으로 길들일 수 있었습니다. 이후 안장을 갖춰 타고 다녔고, 물 위에서도 탈 수 있어 땅과 물을 넘어 저수지를 쉽게 탐험할 수 있었습니다!",
    "blue_skies.everdawn.nyctofly.title": "밤잠자리",
    "blue_skies.everdawn.nyctofly.lore": "에버던에 있을 때 제일 걱정했던 것 중 하나가 밤잠자리였습니다. 공중에 떠다니며, 그늘진 숲과 같은 울창한 숲 지역에 서식하는 곤충입니다. 타깃을 멀리서도 볼 수 있을 만큼 훌륭한 시력을 가지고 있습니다. 날갯짓 소리를 들으면, 싸울 준비가 되어야 했습니다. 오픈된 지역에서 대처하기가 훨씬 어렵다는 것을 알게 되었으므로, 좁은 공간에 있는 것이 좋습니다.",
    "blue_skies.everdawn.venom_spider.title": "맹독 거미",
    "blue_skies.everdawn.venom_spider.lore": "에버던에서 가장 흔히 직면해야 했던 적 중 하나가 맹독 거미였습니다. 매우 영리하여 내가 어디에 있는지에 따라 공격 전술을 바꿉니다. 그와 싸우기 위해 곧바로 들어가면, 독이 있는 이빨로 직접 물려고 할 것입니다. 반면 거리를 유지하려고 하면, 독이 있는 침을 뱉어 맞추기를 시도합니다. 이 생물과 싸울 때는 방패를 사용하면 대부분의 상황에서 도움이 되었습니다.",
    "blue_skies.everdawn.emberback.title": "불나방",
    "blue_skies.everdawn.emberback.lore": "이 거대 딱정벌레 생물은 그들의 전술을 모르고 싸우면 도전 과제가 될 수 있습니다. 불나방은 목표를 향해 날아오는 모습을 볼 수 있습니다. 가까워지면 그 껍질 아래에서 불타는 뜨거운 공기를 내뿜습니다. 이 곤충은 매우 영리하며, 불 저항 물약을 섭취했는지 감지하고 대신 낮은 피해로 물으려고 시도합니다. 이 벌레를 처리하기 쉬운 방법은 방패를 사용하거나, 물가로 유인하는 것입니다.",
    "blue_skies.everdawn.infested_swarmer.title": "감염된 무리개미",
    "blue_skies.everdawn.infested_swarmer.lore": "이 희귀한 곤충은 지하에서만 발견되거나, 드물게 크리스탈 러프와 같은 결정화된 지역에서 발견됩니다. 이 거대한 개미는 대부분 속도와 크기만 가진 전술을 가지고 있습니다. 이 불쌍한 생물이 놀라울 정도로 기이하게 변이되었음을 보고 조금 안타깝습니다.",
    "blue_skies.everdawn.nested_spider.title": "둥지거미",
    "blue_skies.everdawn.nested_spider.lore": "나는 맹독 던전 탐험의 끝에서 거미 둥지로 보이는 것을 발견했습니다. 가끔씩 둥지거미가 밖으로 머리를 내밀어, 작은 거미들이 쉴 곳으로 추정됩니다.",
    "blue_skies.everdawn.alchemist.title": "연금술사",
    "blue_skies.everdawn.alchemist_pre.lore": "에버던의 맹인 던전 꼭대기에서, 후드가 달린 빨간 옷을 입은 사람과 전투에 돌입했습니다. 그는 마법으로 화살 다발과 세계의 토착 돌로 만든 뾰족한 바위를 소환했습니다. 화살 다발은 방패로 쉽게 막을 수 있는 것 같습니다. 이 인물은 또한 방의 구석에 포션 구름을 떨어뜨려 도망갈 수 있는 장소를 제공합니다. 패턴으로 볼 때 막을 수 없는 모든 공격은 쉽게 피할 수 있습니다. 그가 가진 가장 강력한 공격은 갑옷을 관통할 수 있는 가시라고 보입니다. 불행히도 이 짧은 전투는 내게 불리했기에, 더 많은 정보를 배우기 전 도망쳐야 했습니다. 현지인들에게 더 많은 정보를 물어야겠습니다.",
    "blue_skies.everdawn.alchemist_post.lore": "현지인의 이야기를 듣고 나서, 그들이 일컫는 연금술사에 대한 지식을 확장할 수 있었습니다. 이 마법사는 에버던의 맹인 던전 꼭대기에 숨겨져 있습니다. 에버브라이트의 소환사와는 달리, 연금술사는 대부분의 전투를 직접 수행하고, 투사체를 던지며 포션 구름과 같은 광범위한 공간을 덮는 공격을 사용합니다. 소환사와 마찬가지로 연금술사는 접근하는 모든 것을 순간이동으로 피할 수 있습니다. 그러나 주문을 시전 중인 경우에는 순간이동할 수 없으며, 따라서 공격할 때마다 자신을 노출시킵니다.\n\n \n\n 투사체에 대해 이야기하면, 나 자신의 만남에서, 부패 가시는 갑옷을 관통할 수 있으며 꽤 아프다는 것을 알았습니다. 불행히도 연금술사에게는 이들은 매우 피하기 쉽습니다. 그러나 너무 빨리 접근하면 그의 발 주위에서 위로 솟아오르게 됩니다. 다른 투사체로는 연금술사가 화살 다발을 사용할 수 있습니다. 이 화살은 꽤 큰 타격을 주어 방 안에서 나를 날려 보낼 수 있습니다. 현지인들의 말에 따르면 연금술사가 약해지면 일부 화살이 불타오를 수 있습니다. 다행스럽게도 방 안에 물 분수들이 대부분의 전투 동안 있습니다. 그러나 아직 언급하지 않은 연금술사의 또 다른 능력으로 인해 상황이 바뀔 수 있습니다. 그것은 액체 변환으로 연금술사는 물을 용암으로, 그리고 그 반대로도 변환할 수 있습니다. 그에게 불타면 전투의 흐름이 빠르게 바뀔 수 있습니다.\n\n\n\n 이제 연금술사가 할 수 있는 마지막 것들입니다. 그는 방에 있는 모든 사람을 임시적으로 눈멀게 만들 수 있으며, 소문에 따르면 이는 짧은 시간 동안만 지속돼서 걱정하지 않아도 됩니다. 연금술사가 할 수 있는 마지막 것은 약해졌을 때 스스로를 치유하는 것입니다. 그는 전체 시간 동안 공격에 노출되며 적절한 무기류와 공격성으로 그의 치유를 상쇄할 수 있습니다. 이러한 소문들을 듣고 이 정보를 결합한 후, 이 사람을 전에도 만난 적이 있는 것 같은 기분이 들지 않을 수 없습니다.",
    "blue_skies.everdawn.arachnarch.title": "아라크나크",
    "blue_skies.everdawn.arachnarch_pre.lore": "이 거대한 거미에 대한 소문을 들으면 내가 직접 마주하는 것이 무서울 것입니다. 내가 이해한 바로는, 지면에 있을 때 목표에 크게 몸을 던질 수 있다고 합니다. 에버던의 포식자로부터 배운 것들을 통해, 아마도 방패가 그것에 대항하는 데 엄청난 도움이 될 것입니다. 다른 거대한 거미들과는 달리, 이 거미는 대다수의 공격을 피하기 위해 천장에 매달릴 수 있다는 소식을 들었습니다.",
    "blue_skies.everdawn.arachnarch_post.lore": "새로 배운 정보로, 아라크나크에 대한 전체 항목을 작성할 수 있었습니다. 이 섬뜩한 크롤러는 천장에 매달려 대부분, 아니면 모든 공격을 멀리 유지할 수 있습니다. 이 위치에서 그녀는 더 방어적이며, 여기를 공격하는 것은 효과적이지 않습니다. 사실이라면 그녀가 천장에 더 이상 매달릴 수 없을 때까지 시간을 지연시킬 것을 권장합니다. 지면에 있을 때 그녀는 목표를 향해 몸을 던질 수 있다고 들었습니다. 대부분의 에버던 적들과 마찬가지로 나는 이런 적들을 상대할 때 방패를 사용합니다. 나의 이해에 따르면, 방패와 충돌하면 거미가 어지러워져 그녀를 공격할 수 있게 됩니다."
}