{
  "name": "실험체 115번을 얻는 방법",
  "icon": "twilightforest:experiment_115",
  "category": "twilightdelight:tricks",
  "pages": [
	{
	  "type": "patchouli:text",
	  "text": "실험 115번은 카미나이트 가스트경비병, 카미나이트 가스트유체, 그리고 가스트에게서 일정 확률로 얻을 수 있습니다."
	},
	{
	  "type": "patchouli:spotlight",
	  "item": "twilightforest:experiment_115",
	  "text": "실크 터치 칼을 사용하면 실험 115 블록을 잘라서 조각을 얻을 수 있습니다."
	}
  ]
}