{
  "name": "토마호크 스미크를 얻는 방법",
  "icon": "twilightdelight:raw_tomahawk_smeak",
  "category": "twilightdelight:tricks",
  "pages": [
	{
	  "type": "patchouli:text",
	  "text": "미노타우르스와 미노쉬룸에게서 다이아몬드 미노타우르스의 도끼를 사용하여 일정 확률로 토마호크 스미크을 획득할 수 있습니다."
	},
	{
	  "type": "patchouli:spotlight",
	  "item": "twilightdelight:raw_tomahawk_smeak",
	  "text": "토마호크 스미크는 미노타우르스 스트로가노프를 요리하는 재료입니다."
	}
  ]
}