{
  "name": "오로라빛 발광",
  "icon": "twilightforest:aurora_block",
  "category": "twilightdelight:effects",
  "pages": [
	{
	  "type": "patchouli:text",
	  "text": "이 효과는 당신과 당신이 보는 모든 엔티티에게 무지개 빛이 나는 외곽선을 추가합니다. 아이템도 포함됩니다.$(br2)이 효과는 벽 뒤에 있는 적, 남겨진 아이템, 지하 동굴을 찾는 데 유용합니다."
	},
	{
	  "type": "patchouli:spotlight",
	  "item": "twilightforest:aurora_block",
	  "text": "오로라 블록으로 만든 음료와 디저트에서 얻을 수 있습니다."
	}
  ]
}