{
  "name": "화염 영역",
  "icon": "twilightforest:torchberries",
  "category": "twilightdelight:effects",
  "pages": [
	{
	  "type": "patchouli:text",
	  "text": "이 효과는 플레이어가 불에 타지 않게 해주며, 주변의 모든 적들을 불태웁니다. 단, 이 효과는 화염 피해로부터 보호하지 않습니다.$(br2)효과 범위는 불꽃 입자로 표시됩니다."
	},
	{
	  "type": "patchouli:spotlight",
	  "item": "twilightforest:torchberries",
	  "text": "토치베리로 만든 음료와 디저트에서 얻을 수 있습니다."
	}
  ]
}