{
  "name": "냉기 영역",
  "icon": "twilightforest:ice_bomb",
  "category": "twilightdelight:effects",
  "pages": [
	{
	  "type": "patchouli:text",
	  "text": "이 효과는 플레이어를 서리 효과로부터 보호하고, 주변의 모든 적에게 서리 V를 적용하여 효과적으로 그들을 속박한다. $(br2)효과 범위는 눈송이 입자로 표시된다."
	},
	{
	  "type": "patchouli:spotlight",
	  "item": "twilightforest:ice_bomb",
	  "text": "이 효과는 얼음 폭탄으로 만든 음료와 디저트에서 얻을 수 있다. $(br2)이 효과를 가지고 있으면, 주변의 바닥에 있는 아이템을 얼릴 수 있다. 더 많은 정보는 JEI에서 빙하 아이스 티를 확인해라."
	}
  ]
}