{
  "name": "독성 영역",
  "icon": "twilightforest:steeleaf_ingot",
  "category": "twilightdelight:effects",
  "pages": [
	{
	  "type": "patchouli:text",
	  "text": "이 효과는 플레이어를 독 효과로부터 보호하고, 주변의 모든 적에게 독 효과를 적용한다. 이 효과는 일반적인 독보다 훨씬 빠르게 피해를 입힌다.$(br2)효과 범위는 녹색 입자로 표시된다."
	},
	{
	  "type": "patchouli:spotlight",
	  "item": "twilightforest:steeleaf_ingot",
	  "text": "이 효과는 강철잎으로 만든 음료와 디저트에서 얻을 수 있다."
	}
  ]
}